Tweet,Sentiment
@TimesAlgebraIND Congratulations shreyasi @Rivalz_AI,
"ğŸŸ© Join @Rivalz_AI DePIN in pioneering the AI Intel Layer. 

 Incentivized testnet is live ğŸ‘‡ 

https://t.co/wtPiSA6zHu",
@kyle_chasse Offcourse not!! @AnyInuCoin is in the green in 17 chains ğŸ‘ŒğŸ”¥ğŸ’œ #ANYINU #AI https://t.co/hwbetZYPTW,
"Super excited to announce that Iâ€™m now a CARV Nodes Owner, joining the mission to build a user-owned internet! ğŸš€ CARV is the largest modular data layer for gaming and AI. Learn more about CARV @carv_official https://t.co/MvGZo4roMp #CARVNode #CARV https://t.co/V3ybOHussR",
"WTF? AI IS ONLY HYPED UP DUE TO GREEDY COMPANIES WHO WANT MORE AND MORE MONEY. WELL, LET'S SEE WHO'S LAUGHING WHEN ALL OUR MOVIES AND MUSIC ARE MADE OUT OF SOULLESS AI AND OVERLAP BECAUSE THEY CAN'T THINK FOR THEMSELVES- https://t.co/YJ4cM3SS9E",
https://t.co/EIKhzcGOn1 Object]?referralCode=6DoNYxJxFbNaNDiscover the wonders of Starry AI! Join the conversation with our incredible AI chatbot now! #Starrynift #AI #Chatbot,
@alis_samp but why would they do that? if theres a work around people that use ai can also do it... of no ai was used in making the piece then it shouldnt force that on it thats stupid as shit.,
"Guess I was right:

Additionally, White lowered his price target to $20, citing an ""excessive"" valuation fueled by the AI boom and that he believes ""the darkest days of this economic downturn are ahead of us.""

https://t.co/mds87kfCJr https://t.co/b005Fcy2jP",
@elonmusk @xraders_xyz @Web3Go @din_lol_ ğŸš€ Rebranded and ready! Welcome DIN! Go @din_lol_AI agent; AI economy; MagnetAI,
"@ZssBecker @zssjag What are your thoughts on the https://t.co/ExDPYa2fxw, SingularityNet, and Ocean Protocol collab? bullish on $ASI?",
"Super excited to announce that Iâ€™m now a CARV Nodes Owner, joining the mission to build a user-owned internet! ğŸš€ CARV is the largest modular data layer for gaming and AI. Learn more about CARV @carv_official https://t.co/ifCZxuWd4A #CARVNode #CARV https://t.co/qE6skiSCzl",
@anweini dis ai as fuck,
@PeroEsoo @naddtwnk @celtics @MakeItAQuote @MetaMaskSupport $TAI is the first AI utility coin backed by Solana - Follow @tarsprotocol https://t.co/CRQRtlE4wG,
@ImbayiK AI generated,
@howardss69 @wordDonny @MakeItAQuoteJP @MetaMaskSupport $TAI is the first AI utility coin backed by Solana - Follow @tarsprotocol https://t.co/DsAgoeSYS9,
How Nvidia became an AI giant (from @AP) #tech #AI #Nvidia  https://t.co/it6vPBfiTb,
@Panda_AI_art Maybe the seggy blonde in the Naruto universe... I'd love some time with her ğŸ¤¤ğŸ‘,
"If you a small account (less than 100 followers) and sharing AI-assisted content, comment ğŸ¥¹ğŸ’š Iâ€™ll add you to the AI community list.",
@dark_knight_btc @AstraAIofficial Thrilled about the upcoming AI updates from $ASTRAâ€”transforming the way we communicate and engage! ğŸ§ ,
@elonmusk fix FSD then do AI https://t.co/Z5MPjjwuG7,
Join MyShell Testnet @myshell_ai: https://t.co/ctquufRnXY,
"Inspired by AI Weiwei's ""Sunrise"" year 7 and year 8 work for Refugee week and our in school Literature festival. #BAArt https://t.co/aP1DpoDEwr",
"Honored to have had world class thinkers like @vkhosla and @eladgil on the @MoreorLessPod these past two weeks, debating 'what to build in AI' and how VC/startups are changing in this new era. Listen in: https://t.co/p6nbTUwiaq",
"@BadTemperBadger @AI_EmeraldApple @Kneon Two words: dependency ratio 

Japan is a preview of this.

More retirees every year and fewer workers -&gt; 
taxes go up and benefits go down -&gt; 
people slowly slip into poverty",
"Want to learn how to become an AI-powered, rockstar digital writer?

Sign up for my free AI Writing Roadmap

https://t.co/wYpcEIy2A7",
"Join me at @AILayerXYZ, the pioneering #AI-modular #Bitcoin #Layer2 solution, as we kick off the Social Campagin Epoch 2 event! I'v already earning points for upcoming #AILayer token airdrops! ğŸª‚

Don't miss out on your chance to earn reward too! ğŸš€",
@skid_mx @LANGUAGELV ai generated image of joy i saw on my tl (i thought it was super funny so i had to take a sc),
@stevesi How long before Gartner fires half the analysts and the other half just use Claude? Thereâ€™s a business ripe for disruption by AI because a lot of analyst stuff is already just made up anyhow.,
@theinformation @steph_palazzolo @nmasc_ Sean Parker makes great Mac and Cheese too. He gave me some at his party once. Glad to see him active in AI.,
"When the stakes are high, get on AI
With @100GirlsInGenAI @4shutoshPathak @edmond_akwasi  https://t.co/b04huADW7x",
"Voice as a service (VaaS)? AI as a service (AIaaS)?

Amazon mulls $5 to $10 monthly price tag for unprofitable #Alexa service, #AI revamp https://t.co/mfLG4KspVo #subscriptions #voicefirst",
"Discover INFORMS ğŸŒ https://t.co/5Q0h2VnW9J
 
Supporting professionals who apply science, math, technology, and analytics to transform our world.
 
#analytics #datascience #ML #AI #operationsresearch #industrialengineering #optimization #simulation #mathematics #statistics https://t.co/ULwiZDqmjb",
a radiant night in the deepest reaches somewhere on the great plain #Dreamerland #Civitai #Tumblr #photoAI #ai #ia #StableDiffusion #Queen #iagirl #apoyoart #wallpapers https://t.co/uQ1z34DPxa,
"I have joined @KIPprotocol 'The Uprising' campaign to quest towards some juicy $KIP airdrop ğŸª‚. It's fun and free to participate.

ğŸ¤–KIP is the Web3 Base Layer of AI.
ğŸ”You should check it out.",
Elevate Your Selfies: Unveiling Snapchat's Dream Machine AI Model - Ai Me Mate |#AI #ChatGPT #DALLE3-https://t.co/wEJDIms1jN,
"Apple Intelligence won't launch in EU in 2024 due to antitrust rules, company says

https://t.co/wzqQ9crey0",
"In our recent event on Chinese assessments of AI, @mattsheehan88 noted that Chinese policymakers are seeking to balance information control and geopolitical competition imperatives in approaching regulation of generative AI.",
"Amazon is using AI to catch damaged goods before they get shipped out. This means happier customers and fewer returns. AI's a powerful tool - how would you use it to improve efficiency or customer satisfaction?  #Amazon #AI #BusinessImprovements
 
https://t.co/q9DCH0njEc",
@MonstersCoins Join  $ECLD #EthernityCloud #DePIN #AI #NVIDIA,
"@elonmusk @xraders_xyz @Web3Go ğŸ¥³ Web3Go -&gt; DIN! Ready for the future! Go @din_lol_

AI agent; AI economy; MagnetAI",
Crimes of passion are just fine when enacted on AI.,
"#Geojam's mission is to create a more equitable and fair social media landscape, where users are rewarded for their contributions and where everyone has a voice.
@geojamofficial $JAM
#BTC #CRYPTO #AI 
https://t.co/2I05i1GuNv https://t.co/dps8Y9Ro71",
@sansui_ai I hope ğŸ¤ your workout ğŸ‹ï¸â€â™€ï¸ will last a bit ğŸ¤ better &amp; you can ğŸ‘Œ I hope ğŸ¤ you feel good today too I love your smile &amp; English ğŸ´ó §ó ¢ó ¥ó ®ó §ó ¿ is very important to you as well as I love your work and your music is very beautiful &amp; very good to you I love your voice &amp; your work and youâ€™ll,
"ğŸŒŸğŸ¨ Create your own one-of-a-kind digital art #NFT via #AI and use it on our platform @BatchingAI. Plus, donâ€™t miss out on our exciting #airdrop campaign! ğŸš€ğŸš€ #Batching #HAVAH #Collaboration
 https://t.co/jy8QkeqPNe",
"ğŸŒŸğŸ¨ Create your own one-of-a-kind digital art #NFT via #AI and use it on our platform @BatchingAI. Plus, donâ€™t miss out on our exciting #airdrop campaign! ğŸš€ğŸš€ #Batching #HAVAH #Collaboration
 https://t.co/YPXWZydGgQ",
"ğŸŒŸğŸ¨ Create your own one-of-a-kind digital art #NFT via #AI and use it on our platform @BatchingAI. Plus, donâ€™t miss out on our exciting #airdrop campaign! ğŸš€ğŸš€ #Batching #HAVAH #Collaboration
 https://t.co/t1AYccHNoV",
"ğŸŒŸğŸ¨ Create your own one-of-a-kind digital art #NFT via #AI and use it on our platform @BatchingAI. Plus, donâ€™t miss out on our exciting #airdrop campaign! ğŸš€ğŸš€ #Batching #HAVAH #Collaboration
 https://t.co/YKtyPxlYgp",
"ğŸŒŸğŸ¨ Create your own one-of-a-kind digital art #NFT via #AI and use it on our platform @BatchingAI. Plus, donâ€™t miss out on our exciting #airdrop campaign! ğŸš€ğŸš€ #Batching #HAVAH #Collaboration
 https://t.co/5GHgfrqk3h",
"ğŸŒŸğŸ¨ Create your own one-of-a-kind digital art #NFT via #AI and use it on our platform @BatchingAI. Plus, donâ€™t miss out on our exciting #airdrop campaign! ğŸš€ğŸš€ #Batching #HAVAH #Collaboration
 https://t.co/WhUzoaU7o9",
"ğŸŒŸğŸ¨ Create your own one-of-a-kind digital art #NFT via #AI and use it on our platform @BatchingAI. Plus, donâ€™t miss out on our exciting #airdrop campaign! ğŸš€ğŸš€ #Batching #HAVAH #Collaboration
 https://t.co/Zq3JAsPAec",
"ğŸŒŸğŸ¨ Create your own one-of-a-kind digital art #NFT via #AI and use it on our platform @BatchingAI. Plus, donâ€™t miss out on our exciting #airdrop campaign! ğŸš€ğŸš€ #Batching #HAVAH #Collaboration
 https://t.co/t90cY2PtDS",
"ğŸŒŸğŸ¨ Create your own one-of-a-kind digital art #NFT via #AI and use it on our platform @BatchingAI. Plus, donâ€™t miss out on our exciting #airdrop campaign! ğŸš€ğŸš€ #Batching #HAVAH #Collaboration
 https://t.co/gF0fqO4OwJ",
"@ShadyAlmwy97888 @66600Z @Dcrider99 @WDavantat @chelsibocka @ChipThompson5 @JuanAlv21819926 @MakeItAQuoteJP @McPepes_AI @MetaMaskSupport Enjoy your screenshot and...

Get 10 stickers for $1: https://t.co/IGW12ygmK5 https://t.co/tE746JPmz4",
"Just saw @ShardsOfficial is enabling fractional guild ownership in all web3 games. 
Now farming $SHARDS, securing my bag.

@joinplanetquest $PQX $BVR $ARCA $FAME $ZENT #zentry @ZentryHQ Zentry $LINGO @onunblocked $LOL @PublicAI_ #AI #T20CWC24 #euro2024 #NEDFRA #YogaDay",
@19keys_ This what happens when you donâ€™t Invest and AI is stealing all the jobs !! ğŸ¤¦ğŸ¾â€â™‚ï¸ğŸ¤¦ğŸ¾â€â™‚ï¸ğŸ¤¦ğŸ¾â€â™‚ï¸,
"â€˜The winner of The Trailblazer - Innovation Award is @Stallion AI Services Ltd! ğŸŒŸ
Well done to all the finalists!
Thank you to @HomeLINK for sponsoring the award.
#SCBA2024â€™ https://t.co/h0bHTQXEE8",
Iâ€™ve been going thru an absolutely awful art block and also the state of the world is in shambles and also this dumb AI stuff so everythingâ€™s just falling apart but itâ€™s pride month so yippee? Man idk #megantheestallion https://t.co/xiYAXVVCEp,
@DevInsights2 AI Engineer trying to build fully autonomous ai agents.,
@Hemanth2k22 @perplexity_ai @AnthropicAI no dice for the 3.5 Sonnet inside of Perplexity https://t.co/FeBfX3rFWj,
"Join me at @AILayerXYZ, the pioneering #AI-modular #Bitcoin #Layer2 solution, as we kick off the Social Campagin Epoch 2 event! I'v already earning points for upcoming #AILayer token airdrops! ğŸª‚

Don't miss out on your chance to earn reward too! ğŸš€
         ;",
"@yacineMTB For remaining software engineers, who have not been replaced by AI yet...ğŸ˜…ğŸ˜…ğŸ˜…",
"@1000xgirl $PRET is a new AI TOKEN that will change the ecosystem for the better and create successful Dynamic platforms to will run up the bullrun with speed

What more can I say other than to start building some potential projects in here with this AI 

#AI #PRET #DEVELOPERS #Origin https://t.co/fHwADzW6rI",
@RedLightning420 Imagine thinking this is ai,
"Start your Node journey with @Rivalz_AI by joining my referral: https://t.co/sTbyytbkLs

Thank you. ğŸ’š https://t.co/E3WSiFnPK4",
"Join me at @AILayerXYZ, the pioneering #AI-modular #Bitcoin #Layer2 solution, as we kick off the Social Campagin Epoch 2 event! I'v already earning points for upcoming #AILayer token airdrops! ğŸª‚

Don't miss out on your chance to earn reward too! ğŸš€",
@VictimSupportNI Hate crime os used as a psychological warfare tool to silence and demoralise a population to a hybrid warfare strategy of rape &amp; violence by proxy tool tool of weaponised 82% single male mass migration as a tool to terrorise the public into a digital Ai mass surveillance and https://t.co/l5mp3z5rKs,
"@elonmusk farming BTC, or keeping Austin cool? #AI for the win.",
@elonmusk I prefer an AI robot to a woke leftist professor,
@QaiserRaj_ @JoshyBeSloshy Itâ€™s like if they AI generated a black man and then tried to make him relatable but somehow feels off putting,
"@chadsmithjazz @Jayecane Sorry to hear that! Losing a job can be tough, but don't give up! Update your resume and cover letter to increase your chances of landing a new job ASAP. Try ProRes AI, it can help you with that.",
@reddit_lies @MKBHD isnt.. chatgpt.. also ai generated..?,
"Another AI generated post. 
#fraudband #SorosGuyego #VoteDemsOut https://t.co/Ln0Si2WIWw",
"@okaMashaba He lied about not making the video, claiming it was AI generated.",
@MonteLukast99 @gettylegion They weren't trying to hit the vehicle here. They were just showing off the ai tracking/lock on.,
"T5 Join me at @AILayerXYZ, the pioneering #AI-modular #Bitcoin #Layer2 solution, as we kick off the Social Campagin Epoch 2 event! I'v already earning points for upcoming #AILayer token airdrops! ğŸª‚

Don't miss out on your chance to earn reward too! ğŸš€",
@tour11071 @naddtwnk @celtics @MakeItAQuote @MetaMaskSupport $TAI is the first AI utility coin backed by Solana - Follow @tarsprotocol https://t.co/LKlxqHCpYc,
@Mea_Perry @BiggLynch @MakeItAQuoteJP @MetaMaskSupport $TAI is the first AI utility coin backed by Solana - Follow @tarsprotocol https://t.co/zacSHMpUKl,
"@constantout @JanuBuilds Exactly. As long as you put connects,

you get the chance.

and now there AI Cr*ap haha",
@catzieks @exaltiora You think heâ€™s traumatized from all the â€œAIâ€ heâ€™s encountered,
"@GPGPU_ai I like this project, from the very beginning all your developments are good, especially in the future,hope it gets even better, good luck
@lucky_shuvo @ferdous575 @SkRuman09440302",
"Amazon is using AI to catch damaged goods before they get shipped out. This means happier customers and fewer returns. AI's a powerful tool - how would you use it to improve efficiency or customer satisfaction? #Amazon #AI #BusinessImprovements
https://t.co/tgIFY6f92C",
"Exciting advancements in artificial intelligence are revolutionizing diabetes care, from personalized treatment recommendations to predictive analytics. AI is paving the way for more precise management and better outcomes in diabetes. https://t.co/6rZyBHkrlC",
"Nvidia, the chip maker, became the most valuable public company on Tuesday with a stock market value of $3.34 trillion. Itâ€™s valuation jumped ahead of Appleâ€™s and Microsoftâ€™s, a meteoric rise that has been aided by the AI boom's demand for Nvidia chips. https://t.co/Ush66VFpjI",
Loving #CharacterX# Chat and voice talk with unique charactersâ€”it's a blast! Join me for endless conversations! Download now and let's chatbot away! ğŸ’¬âœ¨ #AI #Chatbots #TechFun https://t.co/48BskC9elR,
"Oh new Winnie the Pooh films based on the books, Ai as- https://t.co/fuQRistPBq https://t.co/DkhI7E49nj",
"I have joined @KIPprotocol 'The Uprising' campaign to quest towards some juicy $KIP airdrop ğŸª‚. It's fun and free to participate.

ğŸ¤–KIP is the Web3 Base Layer of AI.
ğŸ”You should check it out.",
"@web3_oj @dora_demand @TuckerCarlson @din_lol_ Smart team development 
AI AGENT MAGNETAI DATA
ğŸŒŸ From Web3Go to DIN â€“ AI data's new home! Go @din_lol_",
"@shake_fist @sambendett https://t.co/HWpsfHPnvF

Theyâ€™re quite good but whatâ€™s more intriguing is wether these drones can be used as air defense type means with these AI softwares and repeaters (for increased range)",
"I will never choose a video game over a woman..
If the desert and wheel keep offering ai gfs and other labels while limiting birth rate...not like there's things in your deserts you should be afraid of right... https://t.co/r0XyPNOw6x",
He also emphasizes that the Group shall be an inclusive platform for a positive AI agenda and hopes that more developing countries will join as well as to extend possible participation of private sector.,
"The problem with $NVDA for me is as follows:

1 - $NVDA revenues are increasing extremely but revenues of other companies who buy hardware from #NVIDIA are not which may imply that investments in #AI do not pay off to that degree or they will pay off in the future which raisesâ€¦ https://t.co/y1fQYjUBpD",
"Check Out The Seriously Stunning Goddess
@kaylakeenx
https://t.co/ZTRg8PCHzr
ğŸ¥µğŸ¥µğŸ”¥ğŸ¥µğŸ¥µğŸ”¥ğŸ¥µğŸ¥µ https://t.co/RhJCTBM1mO",
@goodbadugly_ap Where is AI when we need it? #apple,
"@luxentX Sorry to hear that. It's tough when universities have to make cuts. If you're worried about your own job prospects, Try it ProRes AI to help you build a strong resume and cover letter.",
About 2 years ago I was on a big work call about how important the Metaverse was going to be for the business. Next week I have pretty much the same call about AI,
"I have joined @KIPprotocol 'The Uprising' campaign to quest towards some juicy $KIP airdrop ğŸª‚. It's fun and free to participate.

ğŸ¤–KIP is the Web3 Base Layer of AI.
ğŸ”You should check it out.",
"@CIFi_ai What if I tell you that @CIFi_ai is more than just a messaging app! You can also send and receive crypto assets directly in the app. It's like having a digital wallet and messaging platform all in one!
 Sounds interesting right?",
"T4 Join me at @AILayerXYZ, the pioneering #AI-modular #Bitcoin #Layer2 solution, as we kick off the Social Campagin Epoch 2 event! I'v already earning points for upcoming #AILayer token airdrops! ğŸª‚

Don't miss out on your chance to earn reward too! ğŸš€",
@kagatoASUKA89 @DawgDaze_Gaming @Thapurppp @WarhammerMents @xMBGx If you cant pay more than 600$~ it would be better to wait and go with an RTX 5060/TI or RX 8600 u would get all the tech that is exclusive for the next gen GPUs . They prob will add more AI stuff to help with frame gen etc,
@prince_princi11 This AI generated,
